{
  "[": {
    "total": 1,
    "weight": 0.00001822124232430167
  },
  "\"": {
    "total": 13720,
    "weight": 0.24999544468941892
  },
  "a": {
    "total": 4975,
    "weight": 0.09065068056340081
  },
  "r": {
    "total": 2838,
    "weight": 0.051711885716368144
  },
  "o": {
    "total": 2744,
    "weight": 0.04999908893788378
  },
  "n": {
    "total": 1477,
    "weight": 0.026912774912993567
  },
  ",": {
    "total": 6859,
    "weight": 0.12497950110238516
  },
  "b": {
    "total": 1016,
    "weight": 0.018512782201490496
  },
  "c": {
    "total": 1413,
    "weight": 0.02574661540423826
  },
  "d": {
    "total": 900,
    "weight": 0.016399118091871504
  },
  "s": {
    "total": 1941,
    "weight": 0.035367431351469546
  },
  "t": {
    "total": 1989,
    "weight": 0.036242050983036025
  },
  "e": {
    "total": 3130,
    "weight": 0.05703248847506423
  },
  "l": {
    "total": 2195,
    "weight": 0.03999562690184217
  },
  "i": {
    "total": 2866,
    "weight": 0.05222208050144859
  },
  "ç": {
    "total": 91,
    "weight": 0.001658133051511452
  },
  "u": {
    "total": 1638,
    "weight": 0.029846394927206137
  },
  "p": {
    "total": 971,
    "weight": 0.017692826296896922
  },
  "g": {
    "total": 824,
    "weight": 0.015014303675224577
  },
  "x": {
    "total": 404,
    "weight": 0.007361381899017875
  },
  "m": {
    "total": 1152,
    "weight": 0.020990871157595525
  },
  "f": {
    "total": 611,
    "weight": 0.01113317906014832
  },
  "h": {
    "total": 135,
    "weight": 0.0024598677137807256
  },
  "j": {
    "total": 186,
    "weight": 0.003389151072320111
  },
  "v": {
    "total": 534,
    "weight": 0.009730143401177092
  },
  "q": {
    "total": 73,
    "weight": 0.0013301506896740219
  },
  "y": {
    "total": 83,
    "weight": 0.0015123631129170386
  },
  "k": {
    "total": 35,
    "weight": 0.0006377434813505584
  },
  "z": {
    "total": 71,
    "weight": 0.0012937082050254187
  },
  "ñ": {
    "total": 2,
    "weight": 0.00003644248464860334
  },
  "w": {
    "total": 6,
    "weight": 0.00010932745394581002
  },
  "]": {
    "total": 1,
    "weight": 0.00001822124232430167
  }
}