{
  "[": {
    "total": 1,
    "weight": 0.000018218586602051412
  },
  "\"": {
    "total": 13722,
    "weight": 0.2499954453533495
  },
  "a": {
    "total": 5428,
    "weight": 0.09889048807593506
  },
  "i": {
    "total": 3455,
    "weight": 0.06294521671008763
  },
  "u": {
    "total": 1944,
    "weight": 0.03541693235438795
  },
  "n": {
    "total": 1929,
    "weight": 0.035143653555357174
  },
  ",": {
    "total": 6860,
    "weight": 0.12497950409007269
  },
  "ñ": {
    "total": 40,
    "weight": 0.0007287434640820565
  },
  "r": {
    "total": 2494,
    "weight": 0.045437154985516225
  },
  "o": {
    "total": 2620,
    "weight": 0.0477326968973747
  },
  "b": {
    "total": 889,
    "weight": 0.016196323489223705
  },
  "d": {
    "total": 1078,
    "weight": 0.019639636357011422
  },
  "e": {
    "total": 2875,
    "weight": 0.052378436480897815
  },
  "l": {
    "total": 1689,
    "weight": 0.030771192770864837
  },
  "k": {
    "total": 1687,
    "weight": 0.030734755597660732
  },
  "t": {
    "total": 1937,
    "weight": 0.03528940224817358
  },
  "z": {
    "total": 1324,
    "weight": 0.024121408661116072
  },
  "g": {
    "total": 876,
    "weight": 0.01595948186339704
  },
  "s": {
    "total": 1118,
    "weight": 0.02036837982109348
  },
  "j": {
    "total": 199,
    "weight": 0.003625498733808231
  },
  "c": {
    "total": 99,
    "weight": 0.0018036400736030898
  },
  "q": {
    "total": 9,
    "weight": 0.0001639672794184627
  },
  "p": {
    "total": 696,
    "weight": 0.012680136275027783
  },
  "f": {
    "total": 218,
    "weight": 0.003971651879247208
  },
  "x": {
    "total": 336,
    "weight": 0.006121445098289275
  },
  "m": {
    "total": 696,
    "weight": 0.012680136275027783
  },
  "h": {
    "total": 540,
    "weight": 0.009838036765107763
  },
  "v": {
    "total": 52,
    "weight": 0.0009473665033066735
  },
  "y": {
    "total": 67,
    "weight": 0.0012206453023374446
  },
  "w": {
    "total": 10,
    "weight": 0.00018218586602051414
  },
  "]": {
    "total": 1,
    "weight": 0.000018218586602051412
  }
}