{
  "[": {
    "total": 1,
    "weight": 0.000018365810207717314
  },
  "\"": {
    "total": 13612,
    "weight": 0.24999540854744806
  },
  "a": {
    "total": 3830,
    "weight": 0.07034105309555731
  },
  "b": {
    "total": 788,
    "weight": 0.014472258443681243
  },
  "t": {
    "total": 2078,
    "weight": 0.038164153611636574
  },
  "s": {
    "total": 2747,
    "weight": 0.05045088064059946
  },
  ",": {
    "total": 6805,
    "weight": 0.12497933846351632
  },
  "e": {
    "total": 5369,
    "weight": 0.09860603500523425
  },
  "c": {
    "total": 1124,
    "weight": 0.02064317067347426
  },
  "i": {
    "total": 2533,
    "weight": 0.046520597256147954
  },
  "m": {
    "total": 1013,
    "weight": 0.018604565740417637
  },
  "o": {
    "total": 1969,
    "weight": 0.03616228029899539
  },
  "l": {
    "total": 1639,
    "weight": 0.03010156293044868
  },
  "r": {
    "total": 2355,
    "weight": 0.043251483039174275
  },
  "d": {
    "total": 783,
    "weight": 0.014380429392642656
  },
  "u": {
    "total": 1694,
    "weight": 0.03111168249187313
  },
  "y": {
    "total": 211,
    "weight": 0.0038751859538283533
  },
  "h": {
    "total": 482,
    "weight": 0.008852320520119744
  },
  "n": {
    "total": 1468,
    "weight": 0.026961009384929017
  },
  "z": {
    "total": 340,
    "weight": 0.006244375470623886
  },
  "f": {
    "total": 577,
    "weight": 0.01059707248985289
  },
  "g": {
    "total": 766,
    "weight": 0.014068210619111463
  },
  "q": {
    "total": 83,
    "weight": 0.001524362247240537
  },
  "รง": {
    "total": 40,
    "weight": 0.0007346324083086926
  },
  "p": {
    "total": 1031,
    "weight": 0.01893515032415655
  },
  "v": {
    "total": 629,
    "weight": 0.01155209462065419
  },
  "x": {
    "total": 175,
    "weight": 0.00321401678635053
  },
  "j": {
    "total": 167,
    "weight": 0.0030670903046887913
  },
  "k": {
    "total": 121,
    "weight": 0.002222263035133795
  },
  "w": {
    "total": 18,
    "weight": 0.0003305845837389116
  },
  "]": {
    "total": 1,
    "weight": 0.000018365810207717314
  }
}