{
  "[": {
    "total": 1,
    "weight": 0.00003157263284185268
  },
  "\"": {
    "total": 7918,
    "weight": 0.24999210684178955
  },
  "a": {
    "total": 3328,
    "weight": 0.10507372209768573
  },
  "c": {
    "total": 906,
    "weight": 0.02860480535471853
  },
  "e": {
    "total": 1440,
    "weight": 0.04546459129226786
  },
  "d": {
    "total": 545,
    "weight": 0.01720708489880971
  },
  "o": {
    "total": 2304,
    "weight": 0.07274334606762858
  },
  ",": {
    "total": 3958,
    "weight": 0.12496448078805292
  },
  "r": {
    "total": 2250,
    "weight": 0.07103842389416853
  },
  "f": {
    "total": 325,
    "weight": 0.010261105673602122
  },
  "n": {
    "total": 844,
    "weight": 0.026647302118523664
  },
  "g": {
    "total": 399,
    "weight": 0.01259748050389922
  },
  "m": {
    "total": 641,
    "weight": 0.020238057651627568
  },
  "u": {
    "total": 683,
    "weight": 0.021564108230985382
  },
  "l": {
    "total": 1044,
    "weight": 0.0329618286868942
  },
  "b": {
    "total": 573,
    "weight": 0.018091118618381585
  },
  "p": {
    "total": 552,
    "weight": 0.017428093328702682
  },
  "h": {
    "total": 195,
    "weight": 0.006156663404161273
  },
  "i": {
    "total": 1329,
    "weight": 0.041960029046822216
  },
  "s": {
    "total": 668,
    "weight": 0.021090518738357593
  },
  "t": {
    "total": 803,
    "weight": 0.025352824172007703
  },
  "z": {
    "total": 216,
    "weight": 0.00681968869384018
  },
  "v": {
    "total": 286,
    "weight": 0.009029772992769866
  },
  "x": {
    "total": 305,
    "weight": 0.009629653016765069
  },
  "q": {
    "total": 33,
    "weight": 0.0010418968837811386
  },
  "ñ": {
    "total": 91,
    "weight": 0.002873109588608594
  },
  "y": {
    "total": 10,
    "weight": 0.0003157263284185268
  },
  "k": {
    "total": 20,
    "weight": 0.0006314526568370536
  },
  "j": {
    "total": 2,
    "weight": 0.00006314526568370536
  },
  "w": {
    "total": 3,
    "weight": 0.00009471789852555804
  },
  "]": {
    "total": 1,
    "weight": 0.00003157263284185268
  }
}