{
  "[": {
    "total": 1,
    "weight": 0.00002055540709983761
  },
  "\"": {
    "total": 12162,
    "weight": 0.24999486114822503
  },
  "a": {
    "total": 3003,
    "weight": 0.06172788752081235
  },
  "c": {
    "total": 605,
    "weight": 0.012436021295401755
  },
  "k": {
    "total": 960,
    "weight": 0.01973319081584411
  },
  "e": {
    "total": 4091,
    "weight": 0.08409217044543567
  },
  "r": {
    "total": 2182,
    "weight": 0.04485189829184567
  },
  ",": {
    "total": 6080,
    "weight": 0.12497687516701268
  },
  "f": {
    "total": 625,
    "weight": 0.012847129437398507
  },
  "i": {
    "total": 1660,
    "weight": 0.03412197578573044
  },
  "n": {
    "total": 2026,
    "weight": 0.041645254784271
  },
  "g": {
    "total": 870,
    "weight": 0.017883204176858722
  },
  "s": {
    "total": 1678,
    "weight": 0.034491973113527516
  },
  "d": {
    "total": 882,
    "weight": 0.018129869062056773
  },
  "h": {
    "total": 1021,
    "weight": 0.0209870706489342
  },
  "m": {
    "total": 959,
    "weight": 0.01971263540874427
  },
  "t": {
    "total": 1921,
    "weight": 0.039486937038788056
  },
  "o": {
    "total": 1669,
    "weight": 0.03430697444962898
  },
  "p": {
    "total": 745,
    "weight": 0.01531377828937902
  },
  "l": {
    "total": 1815,
    "weight": 0.037308063886205264
  },
  "z": {
    "total": 359,
    "weight": 0.007379391148841703
  },
  "y": {
    "total": 204,
    "weight": 0.004193303048366873
  },
  "u": {
    "total": 1448,
    "weight": 0.029764229480564862
  },
  "b": {
    "total": 902,
    "weight": 0.018540977204053528
  },
  "j": {
    "total": 116,
    "weight": 0.002384427223581163
  },
  "w": {
    "total": 302,
    "weight": 0.006207732944150959
  },
  "x": {
    "total": 117,
    "weight": 0.0024049826306810004
  },
  "v": {
    "total": 203,
    "weight": 0.004172747641267035
  },
  "q": {
    "total": 40,
    "weight": 0.0008222162839935045
  },
  "ñ": {
    "total": 2,
    "weight": 0.00004111081419967522
  },
  "]": {
    "total": 1,
    "weight": 0.00002055540709983761
  }
}