{
  "[": {
    "total": 1,
    "weight": 0.000045075501464953795
  },
  "\"": {
    "total": 5546,
    "weight": 0.24998873112463377
  },
  "a": {
    "total": 1891,
    "weight": 0.08523777327022763
  },
  "b": {
    "total": 332,
    "weight": 0.014965066486364661
  },
  "c": {
    "total": 600,
    "weight": 0.027045300878972278
  },
  "o": {
    "total": 1757,
    "weight": 0.07919765607392382
  },
  ",": {
    "total": 2772,
    "weight": 0.12494929006085193
  },
  "n": {
    "total": 722,
    "weight": 0.032544512057696644
  },
  "t": {
    "total": 698,
    "weight": 0.03146270002253775
  },
  "e": {
    "total": 1319,
    "weight": 0.05945458643227406
  },
  "i": {
    "total": 1172,
    "weight": 0.05282848771692585
  },
  "d": {
    "total": 385,
    "weight": 0.017354068064007213
  },
  "u": {
    "total": 458,
    "weight": 0.020644579670948838
  },
  "l": {
    "total": 736,
    "weight": 0.03317556907820599
  },
  "s": {
    "total": 732,
    "weight": 0.03299526707234618
  },
  "r": {
    "total": 964,
    "weight": 0.04345278341221546
  },
  "h": {
    "total": 76,
    "weight": 0.0034257381113364884
  },
  "q": {
    "total": 17,
    "weight": 0.0007662835249042146
  },
  "m": {
    "total": 468,
    "weight": 0.021095334685598377
  },
  "g": {
    "total": 345,
    "weight": 0.01555104800540906
  },
  "p": {
    "total": 401,
    "weight": 0.01807527608744647
  },
  "f": {
    "total": 251,
    "weight": 0.011313950867703404
  },
  "v": {
    "total": 249,
    "weight": 0.011223799864773495
  },
  "x": {
    "total": 12,
    "weight": 0.0005409060175794456
  },
  "y": {
    "total": 28,
    "weight": 0.0012621140410187064
  },
  "z": {
    "total": 180,
    "weight": 0.008113590263691683
  },
  "j": {
    "total": 15,
    "weight": 0.000676132521974307
  },
  "k": {
    "total": 43,
    "weight": 0.0019382465629930133
  },
  "w": {
    "total": 14,
    "weight": 0.0006310570205093532
  },
  "]": {
    "total": 1,
    "weight": 0.000045075501464953795
  }
}