{
  "[": {
    "total": 1,
    "weight": 0.00003994726960412256
  },
  "\"": {
    "total": 6258,
    "weight": 0.24999001318259897
  },
  "a": {
    "total": 2457,
    "weight": 0.09815044141732912
  },
  "b": {
    "total": 388,
    "weight": 0.015499540606399553
  },
  "c": {
    "total": 568,
    "weight": 0.022690049135141614
  },
  "o": {
    "total": 1625,
    "weight": 0.06491431310669915
  },
  ",": {
    "total": 3128,
    "weight": 0.12495505932169536
  },
  "d": {
    "total": 471,
    "weight": 0.018815163983541727
  },
  "e": {
    "total": 1370,
    "weight": 0.054727759357647905
  },
  "f": {
    "total": 266,
    "weight": 0.010625973714696601
  },
  "l": {
    "total": 693,
    "weight": 0.027683457835656934
  },
  "n": {
    "total": 568,
    "weight": 0.022690049135141614
  },
  "t": {
    "total": 711,
    "weight": 0.02840250868853114
  },
  "r": {
    "total": 1515,
    "weight": 0.060520113450245674
  },
  "i": {
    "total": 1133,
    "weight": 0.04526025646147086
  },
  "u": {
    "total": 605,
    "weight": 0.024168098110494148
  },
  "s": {
    "total": 870,
    "weight": 0.03475412455558662
  },
  "m": {
    "total": 628,
    "weight": 0.025086885311388966
  },
  "h": {
    "total": 218,
    "weight": 0.008708504773698719
  },
  "v": {
    "total": 377,
    "weight": 0.015060120640754205
  },
  "z": {
    "total": 124,
    "weight": 0.0049534614309111975
  },
  "รง": {
    "total": 63,
    "weight": 0.002516677985059721
  },
  "g": {
    "total": 321,
    "weight": 0.01282307354292334
  },
  "x": {
    "total": 61,
    "weight": 0.002436783445851476
  },
  "j": {
    "total": 105,
    "weight": 0.0041944633084328685
  },
  "p": {
    "total": 440,
    "weight": 0.017576798625813926
  },
  "q": {
    "total": 29,
    "weight": 0.0011584708185195542
  },
  "y": {
    "total": 15,
    "weight": 0.0005992090440618383
  },
  "k": {
    "total": 18,
    "weight": 0.0007190508528742061
  },
  "w": {
    "total": 6,
    "weight": 0.00023968361762473535
  },
  "]": {
    "total": 1,
    "weight": 0.00003994726960412256
  }
}