{
  "[": {
    "total": 1,
    "weight": 0.000007931912463414054
  },
  "\"": {
    "total": 31518,
    "weight": 0.24999801702188415
  },
  "б": {
    "total": 1803,
    "weight": 0.014301238171535538
  },
  "у": {
    "total": 3290,
    "weight": 0.026095992004632237
  },
  "л": {
    "total": 4525,
    "weight": 0.035891903896948595
  },
  "ь": {
    "total": 1074,
    "weight": 0.008518873985706693
  },
  "в": {
    "total": 2688,
    "weight": 0.021320980701656975
  },
  ",": {
    "total": 15758,
    "weight": 0.12499107659847866
  },
  "п": {
    "total": 1992,
    "weight": 0.015800369627120794
  },
  "р": {
    "total": 4261,
    "weight": 0.03379787900660728
  },
  "о": {
    "total": 5626,
    "weight": 0.04462493951916747
  },
  "с": {
    "total": 3210,
    "weight": 0.025461439007559112
  },
  "а": {
    "total": 8632,
    "weight": 0.06846826838419011
  },
  "м": {
    "total": 3071,
    "weight": 0.02435890317514456
  },
  "и": {
    "total": 5690,
    "weight": 0.04513258191682597
  },
  "н": {
    "total": 3795,
    "weight": 0.030101607798656334
  },
  "з": {
    "total": 1355,
    "weight": 0.010747741387926044
  },
  "к": {
    "total": 3326,
    "weight": 0.026381540853315143
  },
  "е": {
    "total": 5424,
    "weight": 0.04302269320155783
  },
  "ш": {
    "total": 1197,
    "weight": 0.009494499218706622
  },
  "й": {
    "total": 1240,
    "weight": 0.009835571454633426
  },
  "т": {
    "total": 3927,
    "weight": 0.031148620243826988
  },
  "я": {
    "total": 1866,
    "weight": 0.014800948656730624
  },
  "г": {
    "total": 1601,
    "weight": 0.0126989918539259
  },
  "д": {
    "total": 2302,
    "weight": 0.018259262490779152
  },
  "ц": {
    "total": 433,
    "weight": 0.0034345180966582852
  },
  "х": {
    "total": 1194,
    "weight": 0.00947070348131638
  },
  "ы": {
    "total": 1201,
    "weight": 0.009526226868560278
  },
  "ч": {
    "total": 963,
    "weight": 0.007638431702267734
  },
  "ю": {
    "total": 953,
    "weight": 0.0075591125776335935
  },
  "ф": {
    "total": 614,
    "weight": 0.004870194252536229
  },
  "ж": {
    "total": 976,
    "weight": 0.007741546564292117
  },
  "э": {
    "total": 269,
    "weight": 0.0021336844526583807
  },
  "ъ": {
    "total": 33,
    "weight": 0.00026175311129266376
  },
  "щ": {
    "total": 264,
    "weight": 0.00209402489034131
  },
  "]": {
    "total": 1,
    "weight": 0.000007931912463414054
  }
}