{
  "a": {
    "total": 10730,
    "weight": 0.17015540754836664
  },
  "b": {
    "total": 1462,
    "weight": 0.023184268950206154
  },
  "c": {
    "total": 2781,
    "weight": 0.04410085632730733
  },
  "o": {
    "total": 6193,
    "weight": 0.0982080558198541
  },
  "d": {
    "total": 1775,
    "weight": 0.02814779575007929
  },
  "i": {
    "total": 3910,
    "weight": 0.06200444021566762
  },
  "j": {
    "total": 882,
    "weight": 0.013986679352997146
  },
  "e": {
    "total": 6850,
    "weight": 0.10862670472565811
  },
  "n": {
    "total": 2919,
    "weight": 0.046289248334919125
  },
  "s": {
    "total": 3217,
    "weight": 0.05101490643831272
  },
  "t": {
    "total": 2462,
    "weight": 0.03904218204884237
  },
  "r": {
    "total": 4417,
    "weight": 0.07004440215667618
  },
  "f": {
    "total": 925,
    "weight": 0.014668569616238502
  },
  "g": {
    "total": 1245,
    "weight": 0.01974310180780209
  },
  "l": {
    "total": 3261,
    "weight": 0.051712654614652714
  },
  "y": {
    "total": 370,
    "weight": 0.005867427846495401
  },
  "u": {
    "total": 2621,
    "weight": 0.04156359023152553
  },
  "z": {
    "total": 697,
    "weight": 0.011052965429749446
  },
  "m": {
    "total": 1867,
    "weight": 0.029606723755153823
  },
  "ñ": {
    "total": 416,
    "weight": 0.006596891849032668
  },
  "p": {
    "total": 1982,
    "weight": 0.03143038376149699
  },
  "h": {
    "total": 914,
    "weight": 0.014494132572153505
  },
  "v": {
    "total": 846,
    "weight": 0.013415794481446242
  },
  "x": {
    "total": 135,
    "weight": 0.0021408182683158895
  },
  "q": {
    "total": 130,
    "weight": 0.0020615287028227084
  },
  "k": {
    "total": 46,
    "weight": 0.0007294640025372661
  },
  "w": {
    "total": 7,
    "weight": 0.00011100539169045353
  }
}