{
  "[": {
    "total": 1,
    "weight": 0.000027857481126556538
  },
  "\"": {
    "total": 8974,
    "weight": 0.24999303562971836
  },
  "a": {
    "total": 3736,
    "weight": 0.10407554948881523
  },
  "l": {
    "total": 1438,
    "weight": 0.0400590578599883
  },
  "t": {
    "total": 1484,
    "weight": 0.0413405019918099
  },
  "o": {
    "total": 1258,
    "weight": 0.03504471125720812
  },
  ",": {
    "total": 4486,
    "weight": 0.12496866033373262
  },
  "b": {
    "total": 548,
    "weight": 0.015265899657352982
  },
  "s": {
    "total": 1548,
    "weight": 0.043123380783909517
  },
  "i": {
    "total": 1156,
    "weight": 0.03220324818229936
  },
  "e": {
    "total": 1348,
    "weight": 0.03755188455859821
  },
  "y": {
    "total": 341,
    "weight": 0.009499401064155779
  },
  "r": {
    "total": 1646,
    "weight": 0.04585341393431206
  },
  "d": {
    "total": 812,
    "weight": 0.022620274674763907
  },
  "c": {
    "total": 224,
    "weight": 0.0062400757723486645
  },
  "k": {
    "total": 1132,
    "weight": 0.031534668635262
  },
  "j": {
    "total": 297,
    "weight": 0.008273671894587291
  },
  "u": {
    "total": 640,
    "weight": 0.017828787920996184
  },
  "p": {
    "total": 647,
    "weight": 0.01802379028888208
  },
  "g": {
    "total": 869,
    "weight": 0.02420815109897763
  },
  "f": {
    "total": 430,
    "weight": 0.01197871688441931
  },
  "n": {
    "total": 1229,
    "weight": 0.03423684430453798
  },
  "x": {
    "total": 83,
    "weight": 0.0023121709335041925
  },
  "v": {
    "total": 521,
    "weight": 0.014513747666935955
  },
  "h": {
    "total": 316,
    "weight": 0.008802964035991866
  },
  "m": {
    "total": 685,
    "weight": 0.019082374571691228
  },
  "z": {
    "total": 23,
    "weight": 0.0006407220659108003
  },
  "w": {
    "total": 19,
    "weight": 0.0005292921414045742
  },
  "q": {
    "total": 5,
    "weight": 0.0001392874056327827
  },
  "]": {
    "total": 1,
    "weight": 0.000027857481126556538
  }
}