{
  "a": {
    "total": 6166,
    "weight": 0.1252997358260516
  },
  "b": {
    "total": 1095,
    "weight": 0.02225157488315383
  },
  "c": {
    "total": 982,
    "weight": 0.019955293639504167
  },
  "ı": {
    "total": 1921,
    "weight": 0.0390367811420443
  },
  "d": {
    "total": 1191,
    "weight": 0.024202397886608412
  },
  "i": {
    "total": 3428,
    "weight": 0.0696606380816907
  },
  "l": {
    "total": 3085,
    "weight": 0.06269051005893111
  },
  "n": {
    "total": 2375,
    "weight": 0.04826254826254826
  },
  "r": {
    "total": 2631,
    "weight": 0.05346474293842715
  },
  "t": {
    "total": 2127,
    "weight": 0.04322292217029059
  },
  "z": {
    "total": 1149,
    "weight": 0.02334891282259703
  },
  "s": {
    "total": 2197,
    "weight": 0.04464539727697622
  },
  "e": {
    "total": 4150,
    "weight": 0.08433245275350539
  },
  "y": {
    "total": 1243,
    "weight": 0.02525909368014631
  },
  "k": {
    "total": 2668,
    "weight": 0.054216622637675266
  },
  "ş": {
    "total": 967,
    "weight": 0.019650477545214387
  },
  "o": {
    "total": 1741,
    "weight": 0.03537898801056696
  },
  "m": {
    "total": 1934,
    "weight": 0.039300955090428774
  },
  "u": {
    "total": 3078,
    "weight": 0.06254826254826255
  },
  "ç": {
    "total": 887,
    "weight": 0.018024791709002234
  },
  "g": {
    "total": 682,
    "weight": 0.013858971753708595
  },
  "ğ": {
    "total": 412,
    "weight": 0.008372282056492583
  },
  "f": {
    "total": 656,
    "weight": 0.013330623856939646
  },
  "h": {
    "total": 900,
    "weight": 0.01828896565738671
  },
  "p": {
    "total": 847,
    "weight": 0.01721194879089616
  },
  "v": {
    "total": 637,
    "weight": 0.012944523470839261
  },
  "j": {
    "total": 61,
    "weight": 0.0012395854501117659
  }
}