{
  "a": {
    "total": 3700,
    "weight": 0.1410060975609756
  },
  "b": {
    "total": 754,
    "weight": 0.028734756097560977
  },
  "c": {
    "total": 1132,
    "weight": 0.04314024390243902
  },
  "n": {
    "total": 1156,
    "weight": 0.044054878048780485
  },
  "s": {
    "total": 1437,
    "weight": 0.05476371951219512
  },
  "t": {
    "total": 1602,
    "weight": 0.06105182926829268
  },
  "o": {
    "total": 2088,
    "weight": 0.07957317073170732
  },
  "e": {
    "total": 2453,
    "weight": 0.09348323170731708
  },
  "l": {
    "total": 1567,
    "weight": 0.059717987804878046
  },
  "r": {
    "total": 2101,
    "weight": 0.0800685975609756
  },
  "i": {
    "total": 2212,
    "weight": 0.08429878048780488
  },
  "u": {
    "total": 1276,
    "weight": 0.048628048780487806
  },
  "p": {
    "total": 797,
    "weight": 0.030373475609756097
  },
  "d": {
    "total": 706,
    "weight": 0.02690548780487805
  },
  "g": {
    "total": 620,
    "weight": 0.023628048780487805
  },
  "x": {
    "total": 341,
    "weight": 0.012995426829268292
  },
  "m": {
    "total": 907,
    "weight": 0.03456554878048781
  },
  "h": {
    "total": 118,
    "weight": 0.004496951219512195
  },
  "j": {
    "total": 119,
    "weight": 0.004535060975609756
  },
  "v": {
    "total": 433,
    "weight": 0.016501524390243903
  },
  "q": {
    "total": 63,
    "weight": 0.0024009146341463414
  },
  "f": {
    "total": 504,
    "weight": 0.01920731707317073
  },
  "y": {
    "total": 64,
    "weight": 0.0024390243902439024
  },
  "k": {
    "total": 30,
    "weight": 0.0011432926829268292
  },
  "z": {
    "total": 54,
    "weight": 0.0020579268292682928
  },
  "w": {
    "total": 6,
    "weight": 0.00022865853658536587
  }
}