{
  "a": {
    "total": 4975,
    "weight": 0.14504373177842567
  },
  "r": {
    "total": 2838,
    "weight": 0.08274052478134111
  },
  "o": {
    "total": 2744,
    "weight": 0.08
  },
  "n": {
    "total": 1477,
    "weight": 0.04306122448979592
  },
  "b": {
    "total": 1016,
    "weight": 0.029620991253644313
  },
  "c": {
    "total": 1413,
    "weight": 0.04119533527696793
  },
  "d": {
    "total": 900,
    "weight": 0.026239067055393587
  },
  "s": {
    "total": 1941,
    "weight": 0.05658892128279883
  },
  "t": {
    "total": 1989,
    "weight": 0.057988338192419824
  },
  "e": {
    "total": 3130,
    "weight": 0.0912536443148688
  },
  "l": {
    "total": 2195,
    "weight": 0.06399416909620992
  },
  "i": {
    "total": 2866,
    "weight": 0.08355685131195335
  },
  "ç": {
    "total": 91,
    "weight": 0.002653061224489796
  },
  "u": {
    "total": 1638,
    "weight": 0.04775510204081632
  },
  "p": {
    "total": 971,
    "weight": 0.028309037900874634
  },
  "g": {
    "total": 824,
    "weight": 0.02402332361516035
  },
  "x": {
    "total": 404,
    "weight": 0.011778425655976676
  },
  "m": {
    "total": 1152,
    "weight": 0.03358600583090379
  },
  "f": {
    "total": 611,
    "weight": 0.0178134110787172
  },
  "h": {
    "total": 135,
    "weight": 0.0039358600583090375
  },
  "j": {
    "total": 186,
    "weight": 0.005422740524781341
  },
  "v": {
    "total": 534,
    "weight": 0.015568513119533528
  },
  "q": {
    "total": 73,
    "weight": 0.0021282798833819243
  },
  "y": {
    "total": 83,
    "weight": 0.0024198250728862973
  },
  "k": {
    "total": 35,
    "weight": 0.0010204081632653062
  },
  "z": {
    "total": 71,
    "weight": 0.0020699708454810497
  },
  "ñ": {
    "total": 2,
    "weight": 0.00005830903790087464
  },
  "w": {
    "total": 6,
    "weight": 0.0001749271137026239
  }
}