{
  "a": {
    "total": 12336,
    "weight": 0.1123855509497563
  },
  "h": {
    "total": 3182,
    "weight": 0.028989204208991936
  },
  "e": {
    "total": 10908,
    "weight": 0.09937593950712886
  },
  "d": {
    "total": 3893,
    "weight": 0.03546667881382955
  },
  "l": {
    "total": 6108,
    "weight": 0.05564615314535599
  },
  "i": {
    "total": 7254,
    "weight": 0.06608663963922927
  },
  "s": {
    "total": 8280,
    "weight": 0.07543388147405822
  },
  "t": {
    "total": 5385,
    "weight": 0.049059354074613946
  },
  "o": {
    "total": 7166,
    "weight": 0.06528492688926342
  },
  "m": {
    "total": 3455,
    "weight": 0.03147633580831777
  },
  "p": {
    "total": 2892,
    "weight": 0.02634719628296816
  },
  "r": {
    "total": 7107,
    "weight": 0.06474741493189996
  },
  "u": {
    "total": 4381,
    "weight": 0.039912540427276454
  },
  "n": {
    "total": 5989,
    "weight": 0.05456201885847037
  },
  "g": {
    "total": 2593,
    "weight": 0.023623195007516057
  },
  "v": {
    "total": 1247,
    "weight": 0.011360634081902245
  },
  "b": {
    "total": 2943,
    "weight": 0.026811825263061997
  },
  "c": {
    "total": 3621,
    "weight": 0.03298865758666242
  },
  "k": {
    "total": 2462,
    "weight": 0.022429736254726006
  },
  "f": {
    "total": 1614,
    "weight": 0.01470414066414613
  },
  "z": {
    "total": 760,
    "weight": 0.0069238828406140394
  },
  "y": {
    "total": 3451,
    "weight": 0.03143989431968296
  },
  "w": {
    "total": 1485,
    "weight": 0.013528902655673485
  },
  "x": {
    "total": 459,
    "weight": 0.0041816608208445315
  },
  "j": {
    "total": 630,
    "weight": 0.00573953445998269
  },
  "q": {
    "total": 164,
    "weight": 0.00149410103402724
  }
}