{
  "a": {
    "total": 6357,
    "weight": 0.09834467821782178
  },
  "h": {
    "total": 1835,
    "weight": 0.02838799504950495
  },
  "e": {
    "total": 6475,
    "weight": 0.10017017326732673
  },
  "d": {
    "total": 2347,
    "weight": 0.03630878712871287
  },
  "l": {
    "total": 3379,
    "weight": 0.052274133663366334
  },
  "i": {
    "total": 3993,
    "weight": 0.06177289603960396
  },
  "r": {
    "total": 4090,
    "weight": 0.06327351485148515
  },
  "g": {
    "total": 1637,
    "weight": 0.025324876237623764
  },
  "b": {
    "total": 1636,
    "weight": 0.02530940594059406
  },
  "c": {
    "total": 2188,
    "weight": 0.0338490099009901
  },
  "k": {
    "total": 1430,
    "weight": 0.022122524752475246
  },
  "f": {
    "total": 1092,
    "weight": 0.016893564356435645
  },
  "t": {
    "total": 3534,
    "weight": 0.0546720297029703
  },
  "m": {
    "total": 1955,
    "weight": 0.030244430693069306
  },
  "p": {
    "total": 1989,
    "weight": 0.030770420792079207
  },
  "n": {
    "total": 3095,
    "weight": 0.047880569306930694
  },
  "s": {
    "total": 5591,
    "weight": 0.08649443069306931
  },
  "u": {
    "total": 2743,
    "weight": 0.04243502475247525
  },
  "v": {
    "total": 730,
    "weight": 0.011293316831683168
  },
  "z": {
    "total": 396,
    "weight": 0.0061262376237623765
  },
  "o": {
    "total": 4335,
    "weight": 0.06706373762376237
  },
  "y": {
    "total": 2079,
    "weight": 0.032162747524752476
  },
  "w": {
    "total": 1041,
    "weight": 0.016104579207920793
  },
  "x": {
    "total": 301,
    "weight": 0.004656559405940594
  },
  "j": {
    "total": 276,
    "weight": 0.00426980198019802
  },
  "q": {
    "total": 116,
    "weight": 0.0017945544554455446
  }
}