{
  "a": {
    "total": 4542,
    "weight": 0.15568123393316197
  },
  "b": {
    "total": 762,
    "weight": 0.026118251928020565
  },
  "d": {
    "total": 944,
    "weight": 0.032356469580119965
  },
  "e": {
    "total": 2387,
    "weight": 0.08181662382176522
  },
  "i": {
    "total": 3000,
    "weight": 0.10282776349614396
  },
  "l": {
    "total": 1396,
    "weight": 0.04784918594687232
  },
  "k": {
    "total": 1552,
    "weight": 0.05319622964867181
  },
  "o": {
    "total": 2160,
    "weight": 0.07403598971722365
  },
  "n": {
    "total": 1645,
    "weight": 0.05638389031705227
  },
  "t": {
    "total": 1731,
    "weight": 0.05933161953727507
  },
  "r": {
    "total": 2100,
    "weight": 0.07197943444730077
  },
  "z": {
    "total": 1179,
    "weight": 0.04041131105398458
  },
  "g": {
    "total": 763,
    "weight": 0.026152527849185946
  },
  "s": {
    "total": 915,
    "weight": 0.031362467866323906
  },
  "u": {
    "total": 1705,
    "weight": 0.05844044558697515
  },
  "j": {
    "total": 154,
    "weight": 0.005278491859468723
  },
  "p": {
    "total": 629,
    "weight": 0.02155955441302485
  },
  "q": {
    "total": 2,
    "weight": 0.00006855184233076264
  },
  "f": {
    "total": 187,
    "weight": 0.0064095972579263066
  },
  "x": {
    "total": 300,
    "weight": 0.010282776349614395
  },
  "m": {
    "total": 552,
    "weight": 0.018920308483290488
  },
  "h": {
    "total": 486,
    "weight": 0.01665809768637532
  },
  "y": {
    "total": 32,
    "weight": 0.0010968294772922022
  },
  "c": {
    "total": 36,
    "weight": 0.0012339331619537275
  },
  "w": {
    "total": 6,
    "weight": 0.00020565552699228792
  },
  "v": {
    "total": 10,
    "weight": 0.00034275921165381317
  }
}