{
  "a": {
    "total": 5428,
    "weight": 0.15822766360588836
  },
  "i": {
    "total": 3455,
    "weight": 0.10071418160617986
  },
  "u": {
    "total": 1944,
    "weight": 0.05666812418014867
  },
  "n": {
    "total": 1929,
    "weight": 0.056230870135548755
  },
  "ñ": {
    "total": 40,
    "weight": 0.0011660107855997668
  },
  "r": {
    "total": 2494,
    "weight": 0.07270077248214546
  },
  "o": {
    "total": 2620,
    "weight": 0.07637370645678472
  },
  "b": {
    "total": 889,
    "weight": 0.025914589709954815
  },
  "d": {
    "total": 1078,
    "weight": 0.03142399067191372
  },
  "e": {
    "total": 2875,
    "weight": 0.08380702521498323
  },
  "l": {
    "total": 1689,
    "weight": 0.049234805421950155
  },
  "k": {
    "total": 1687,
    "weight": 0.04917650488267016
  },
  "t": {
    "total": 1937,
    "weight": 0.056464072292668706
  },
  "z": {
    "total": 1324,
    "weight": 0.03859495700335228
  },
  "g": {
    "total": 876,
    "weight": 0.025535636204634893
  },
  "s": {
    "total": 1118,
    "weight": 0.03259000145751348
  },
  "j": {
    "total": 199,
    "weight": 0.00580090365835884
  },
  "c": {
    "total": 99,
    "weight": 0.0028858766943594227
  },
  "q": {
    "total": 9,
    "weight": 0.0002623524267599475
  },
  "p": {
    "total": 696,
    "weight": 0.02028858766943594
  },
  "f": {
    "total": 218,
    "weight": 0.006354758781518729
  },
  "x": {
    "total": 336,
    "weight": 0.00979449059903804
  },
  "m": {
    "total": 696,
    "weight": 0.02028858766943594
  },
  "h": {
    "total": 540,
    "weight": 0.015741145605596852
  },
  "v": {
    "total": 52,
    "weight": 0.0015158140212796968
  },
  "y": {
    "total": 67,
    "weight": 0.0019530680658796094
  },
  "w": {
    "total": 10,
    "weight": 0.0002915026963999417
  }
}