{
  "a": {
    "total": 3750,
    "weight": 0.11165698972755694
  },
  "b": {
    "total": 784,
    "weight": 0.023343754652374572
  },
  "t": {
    "total": 2061,
    "weight": 0.0613666815542653
  },
  "s": {
    "total": 2718,
    "weight": 0.08092898615453327
  },
  "e": {
    "total": 5322,
    "weight": 0.1584635998213488
  },
  "c": {
    "total": 1113,
    "weight": 0.0331397945511389
  },
  "i": {
    "total": 2486,
    "weight": 0.07402114039005508
  },
  "m": {
    "total": 1006,
    "weight": 0.029953848444245944
  },
  "o": {
    "total": 1941,
    "weight": 0.057793657882983476
  },
  "l": {
    "total": 1623,
    "weight": 0.048325145154086646
  },
  "r": {
    "total": 2337,
    "weight": 0.06958463599821349
  },
  "d": {
    "total": 776,
    "weight": 0.023105553074289117
  },
  "u": {
    "total": 1665,
    "weight": 0.049575703439035286
  },
  "y": {
    "total": 211,
    "weight": 0.006282566622003871
  },
  "h": {
    "total": 477,
    "weight": 0.014202769093345243
  },
  "n": {
    "total": 1444,
    "weight": 0.0429953848444246
  },
  "z": {
    "total": 339,
    "weight": 0.010093791871371148
  },
  "f": {
    "total": 573,
    "weight": 0.0170611880303707
  },
  "g": {
    "total": 757,
    "weight": 0.022539824326336163
  },
  "q": {
    "total": 83,
    "weight": 0.0024713413726365936
  },
  "p": {
    "total": 1021,
    "weight": 0.03040047640315617
  },
  "v": {
    "total": 626,
    "weight": 0.01863927348518684
  },
  "j": {
    "total": 162,
    "weight": 0.00482358195623046
  },
  "x": {
    "total": 174,
    "weight": 0.005180884323358642
  },
  "k": {
    "total": 118,
    "weight": 0.0035134732767604583
  },
  "w": {
    "total": 18,
    "weight": 0.0005359535506922733
  }
}