{
  "a": {
    "total": 3830,
    "weight": 0.11254775198354393
  },
  "b": {
    "total": 788,
    "weight": 0.023156038789303557
  },
  "t": {
    "total": 2078,
    "weight": 0.06106376726417866
  },
  "s": {
    "total": 2747,
    "weight": 0.08072289156626505
  },
  "e": {
    "total": 5369,
    "weight": 0.15777255362915074
  },
  "c": {
    "total": 1124,
    "weight": 0.033029679694387304
  },
  "i": {
    "total": 2533,
    "weight": 0.07443432265647958
  },
  "m": {
    "total": 1013,
    "weight": 0.029767851895386423
  },
  "o": {
    "total": 1969,
    "weight": 0.05786071113723185
  },
  "l": {
    "total": 1639,
    "weight": 0.04816338524831031
  },
  "r": {
    "total": 2355,
    "weight": 0.06920364384366735
  },
  "d": {
    "total": 783,
    "weight": 0.023009109609168382
  },
  "u": {
    "total": 1694,
    "weight": 0.04977960622979724
  },
  "y": {
    "total": 211,
    "weight": 0.006200411401704378
  },
  "h": {
    "total": 482,
    "weight": 0.014163972965030856
  },
  "n": {
    "total": 1468,
    "weight": 0.043138407287687336
  },
  "z": {
    "total": 340,
    "weight": 0.00999118424919189
  },
  "f": {
    "total": 577,
    "weight": 0.016955627387599176
  },
  "g": {
    "total": 766,
    "weight": 0.022509550396708787
  },
  "q": {
    "total": 83,
    "weight": 0.0024390243902439024
  },
  "รง": {
    "total": 40,
    "weight": 0.0011754334410813989
  },
  "p": {
    "total": 1031,
    "weight": 0.030296796943873053
  },
  "v": {
    "total": 629,
    "weight": 0.018483690861004997
  },
  "x": {
    "total": 175,
    "weight": 0.005142521304731119
  },
  "j": {
    "total": 167,
    "weight": 0.00490743461651484
  },
  "k": {
    "total": 121,
    "weight": 0.0035556861592712314
  },
  "w": {
    "total": 18,
    "weight": 0.0005289450484866295
  }
}