{
  "a": {
    "total": 2831,
    "weight": 0.16692216981132074
  },
  "c": {
    "total": 806,
    "weight": 0.04752358490566038
  },
  "e": {
    "total": 1211,
    "weight": 0.07140330188679245
  },
  "d": {
    "total": 453,
    "weight": 0.02670990566037736
  },
  "o": {
    "total": 2031,
    "weight": 0.11975235849056604
  },
  "r": {
    "total": 2011,
    "weight": 0.11857311320754717
  },
  "f": {
    "total": 296,
    "weight": 0.017452830188679245
  },
  "n": {
    "total": 687,
    "weight": 0.040507075471698115
  },
  "g": {
    "total": 344,
    "weight": 0.020283018867924527
  },
  "m": {
    "total": 548,
    "weight": 0.03231132075471698
  },
  "u": {
    "total": 576,
    "weight": 0.033962264150943396
  },
  "l": {
    "total": 921,
    "weight": 0.054304245283018866
  },
  "b": {
    "total": 505,
    "weight": 0.029775943396226415
  },
  "p": {
    "total": 485,
    "weight": 0.028596698113207548
  },
  "h": {
    "total": 173,
    "weight": 0.010200471698113207
  },
  "i": {
    "total": 1076,
    "weight": 0.0634433962264151
  },
  "s": {
    "total": 530,
    "weight": 0.03125
  },
  "t": {
    "total": 729,
    "weight": 0.04298349056603774
  },
  "z": {
    "total": 193,
    "weight": 0.011379716981132075
  },
  "v": {
    "total": 252,
    "weight": 0.014858490566037736
  },
  "x": {
    "total": 249,
    "weight": 0.014681603773584906
  },
  "q": {
    "total": 30,
    "weight": 0.001768867924528302
  },
  "y": {
    "total": 8,
    "weight": 0.0004716981132075472
  },
  "k": {
    "total": 11,
    "weight": 0.0006485849056603773
  },
  "j": {
    "total": 2,
    "weight": 0.0001179245283018868
  },
  "w": {
    "total": 2,
    "weight": 0.0001179245283018868
  }
}