{
  "a": {
    "total": 3328,
    "weight": 0.16812326345036627
  },
  "c": {
    "total": 906,
    "weight": 0.04576913361960091
  },
  "e": {
    "total": 1440,
    "weight": 0.07274564283910079
  },
  "d": {
    "total": 545,
    "weight": 0.02753220510229856
  },
  "o": {
    "total": 2304,
    "weight": 0.11639302854256126
  },
  "r": {
    "total": 2250,
    "weight": 0.11366506693609497
  },
  "f": {
    "total": 325,
    "weight": 0.016418287446324828
  },
  "n": {
    "total": 844,
    "weight": 0.042637029552917406
  },
  "g": {
    "total": 399,
    "weight": 0.020156605203334177
  },
  "m": {
    "total": 641,
    "weight": 0.03238191462490528
  },
  "u": {
    "total": 683,
    "weight": 0.03450366254104572
  },
  "l": {
    "total": 1044,
    "weight": 0.052740591058348066
  },
  "b": {
    "total": 573,
    "weight": 0.028946703713058852
  },
  "p": {
    "total": 552,
    "weight": 0.027885829754988635
  },
  "h": {
    "total": 195,
    "weight": 0.009850972467794898
  },
  "i": {
    "total": 1329,
    "weight": 0.06713816620358676
  },
  "s": {
    "total": 668,
    "weight": 0.03374589542813842
  },
  "t": {
    "total": 803,
    "weight": 0.040565799444304114
  },
  "z": {
    "total": 216,
    "weight": 0.010911846425865117
  },
  "v": {
    "total": 286,
    "weight": 0.01444809295276585
  },
  "x": {
    "total": 305,
    "weight": 0.015407931295781763
  },
  "q": {
    "total": 33,
    "weight": 0.0016670876483960595
  },
  "ñ": {
    "total": 91,
    "weight": 0.004597120484970952
  },
  "y": {
    "total": 10,
    "weight": 0.0005051780752715333
  },
  "k": {
    "total": 20,
    "weight": 0.0010103561505430665
  },
  "j": {
    "total": 2,
    "weight": 0.00010103561505430665
  },
  "w": {
    "total": 3,
    "weight": 0.00015155342258145997
  }
}