{
  "a": {
    "total": 3003,
    "weight": 0.09876665022200296
  },
  "c": {
    "total": 605,
    "weight": 0.019898043085018913
  },
  "k": {
    "total": 960,
    "weight": 0.031573754316724226
  },
  "e": {
    "total": 4091,
    "weight": 0.13455023844762373
  },
  "r": {
    "total": 2182,
    "weight": 0.0717645124157211
  },
  "f": {
    "total": 625,
    "weight": 0.020555829633284
  },
  "i": {
    "total": 1660,
    "weight": 0.054596283506002305
  },
  "n": {
    "total": 2026,
    "weight": 0.06663377733925341
  },
  "g": {
    "total": 870,
    "weight": 0.028613714849531326
  },
  "s": {
    "total": 1678,
    "weight": 0.055188291399440884
  },
  "d": {
    "total": 882,
    "weight": 0.02900838677849038
  },
  "h": {
    "total": 1021,
    "weight": 0.03358000328893274
  },
  "m": {
    "total": 959,
    "weight": 0.03154086498931097
  },
  "t": {
    "total": 1921,
    "weight": 0.0631803979608617
  },
  "o": {
    "total": 1669,
    "weight": 0.054892287452721594
  },
  "p": {
    "total": 745,
    "weight": 0.024502548922874526
  },
  "l": {
    "total": 1815,
    "weight": 0.05969412925505673
  },
  "z": {
    "total": 359,
    "weight": 0.011807268541358329
  },
  "y": {
    "total": 204,
    "weight": 0.0067094227923038974
  },
  "u": {
    "total": 1448,
    "weight": 0.04762374609439237
  },
  "b": {
    "total": 902,
    "weight": 0.029666173326755467
  },
  "j": {
    "total": 116,
    "weight": 0.00381516197993751
  },
  "w": {
    "total": 302,
    "weight": 0.009932576878802828
  },
  "x": {
    "total": 117,
    "weight": 0.0038480513073507645
  },
  "v": {
    "total": 203,
    "weight": 0.006676533464890643
  },
  "q": {
    "total": 40,
    "weight": 0.001315573096530176
  },
  "ñ": {
    "total": 2,
    "weight": 0.00006577865482650879
  }
}