{
  "a": {
    "total": 1390,
    "weight": 0.09523809523809523
  },
  "c": {
    "total": 291,
    "weight": 0.019938335046248715
  },
  "k": {
    "total": 449,
    "weight": 0.030763960260363137
  },
  "e": {
    "total": 1995,
    "weight": 0.1366906474820144
  },
  "r": {
    "total": 1049,
    "weight": 0.07187392942788626
  },
  "f": {
    "total": 338,
    "weight": 0.02315861596437136
  },
  "i": {
    "total": 774,
    "weight": 0.05303186022610483
  },
  "n": {
    "total": 998,
    "weight": 0.0683795820486468
  },
  "g": {
    "total": 457,
    "weight": 0.03131209318259678
  },
  "s": {
    "total": 790,
    "weight": 0.054128126070572116
  },
  "d": {
    "total": 412,
    "weight": 0.028228845495032545
  },
  "h": {
    "total": 508,
    "weight": 0.034806440561836245
  },
  "m": {
    "total": 440,
    "weight": 0.03014731072285029
  },
  "t": {
    "total": 983,
    "weight": 0.06735183281945872
  },
  "o": {
    "total": 771,
    "weight": 0.052826310380267215
  },
  "p": {
    "total": 347,
    "weight": 0.023775265501884208
  },
  "l": {
    "total": 869,
    "weight": 0.05954093867762932
  },
  "z": {
    "total": 172,
    "weight": 0.011784857828023295
  },
  "y": {
    "total": 70,
    "weight": 0.004796163069544364
  },
  "u": {
    "total": 691,
    "weight": 0.0473449811579308
  },
  "b": {
    "total": 454,
    "weight": 0.031106543336759163
  },
  "w": {
    "total": 148,
    "weight": 0.01014045906132237
  },
  "v": {
    "total": 88,
    "weight": 0.006029462144570058
  },
  "x": {
    "total": 48,
    "weight": 0.00328879753340185
  },
  "j": {
    "total": 43,
    "weight": 0.0029462144570058238
  },
  "q": {
    "total": 20,
    "weight": 0.0013703323055841042
  }
}