{
  "a": {
    "total": 1434,
    "weight": 0.13083941605839416
  },
  "b": {
    "total": 281,
    "weight": 0.02563868613138686
  },
  "c": {
    "total": 502,
    "weight": 0.045802919708029195
  },
  "o": {
    "total": 1426,
    "weight": 0.1301094890510949
  },
  "t": {
    "total": 604,
    "weight": 0.05510948905109489
  },
  "e": {
    "total": 1052,
    "weight": 0.09598540145985401
  },
  "i": {
    "total": 858,
    "weight": 0.07828467153284671
  },
  "l": {
    "total": 555,
    "weight": 0.05063868613138686
  },
  "u": {
    "total": 373,
    "weight": 0.03403284671532847
  },
  "s": {
    "total": 609,
    "weight": 0.05556569343065693
  },
  "r": {
    "total": 748,
    "weight": 0.06824817518248175
  },
  "h": {
    "total": 60,
    "weight": 0.005474452554744526
  },
  "d": {
    "total": 300,
    "weight": 0.02737226277372263
  },
  "n": {
    "total": 519,
    "weight": 0.04735401459854015
  },
  "q": {
    "total": 12,
    "weight": 0.0010948905109489052
  },
  "m": {
    "total": 383,
    "weight": 0.034945255474452555
  },
  "p": {
    "total": 358,
    "weight": 0.03266423357664234
  },
  "f": {
    "total": 201,
    "weight": 0.018339416058394162
  },
  "g": {
    "total": 278,
    "weight": 0.025364963503649637
  },
  "v": {
    "total": 194,
    "weight": 0.0177007299270073
  },
  "x": {
    "total": 10,
    "weight": 0.0009124087591240876
  },
  "z": {
    "total": 137,
    "weight": 0.0125
  },
  "j": {
    "total": 8,
    "weight": 0.00072992700729927
  },
  "k": {
    "total": 28,
    "weight": 0.0025547445255474453
  },
  "w": {
    "total": 12,
    "weight": 0.0010948905109489052
  },
  "y": {
    "total": 18,
    "weight": 0.0016423357664233577
  }
}