{
  "a": {
    "total": 1891,
    "weight": 0.13638658492607283
  },
  "b": {
    "total": 332,
    "weight": 0.023945185719437434
  },
  "c": {
    "total": 600,
    "weight": 0.0432744320230797
  },
  "o": {
    "total": 1757,
    "weight": 0.1267219617742517
  },
  "n": {
    "total": 722,
    "weight": 0.05207356653443924
  },
  "t": {
    "total": 698,
    "weight": 0.05034258925351605
  },
  "e": {
    "total": 1319,
    "weight": 0.09513162639740354
  },
  "i": {
    "total": 1172,
    "weight": 0.084529390551749
  },
  "d": {
    "total": 385,
    "weight": 0.027767760548142804
  },
  "u": {
    "total": 458,
    "weight": 0.03303281644428417
  },
  "l": {
    "total": 736,
    "weight": 0.05308330328164443
  },
  "s": {
    "total": 732,
    "weight": 0.05279480706815723
  },
  "r": {
    "total": 964,
    "weight": 0.06952758745041471
  },
  "h": {
    "total": 76,
    "weight": 0.005481428056256761
  },
  "q": {
    "total": 17,
    "weight": 0.0012261089073205913
  },
  "m": {
    "total": 468,
    "weight": 0.03375405697800216
  },
  "g": {
    "total": 345,
    "weight": 0.024882798413270825
  },
  "p": {
    "total": 401,
    "weight": 0.0289217454020916
  },
  "f": {
    "total": 251,
    "weight": 0.01810313739632167
  },
  "v": {
    "total": 249,
    "weight": 0.017958889289578076
  },
  "x": {
    "total": 12,
    "weight": 0.0008654886404615939
  },
  "y": {
    "total": 28,
    "weight": 0.002019473494410386
  },
  "z": {
    "total": 180,
    "weight": 0.01298232960692391
  },
  "j": {
    "total": 15,
    "weight": 0.0010818608005769925
  },
  "k": {
    "total": 43,
    "weight": 0.003101334294987378
  },
  "w": {
    "total": 14,
    "weight": 0.001009736747205193
  }
}