{
  "a": {
    "total": 2457,
    "weight": 0.15704697986577182
  },
  "b": {
    "total": 388,
    "weight": 0.024800255672738893
  },
  "c": {
    "total": 568,
    "weight": 0.036305528922978586
  },
  "o": {
    "total": 1625,
    "weight": 0.10386705017577501
  },
  "d": {
    "total": 471,
    "weight": 0.030105465004793865
  },
  "e": {
    "total": 1370,
    "weight": 0.08756791307126878
  },
  "f": {
    "total": 266,
    "weight": 0.017002237136465325
  },
  "l": {
    "total": 693,
    "weight": 0.04429530201342282
  },
  "n": {
    "total": 568,
    "weight": 0.036305528922978586
  },
  "t": {
    "total": 711,
    "weight": 0.04544582933844679
  },
  "r": {
    "total": 1515,
    "weight": 0.09683604985618409
  },
  "i": {
    "total": 1133,
    "weight": 0.07241930329178652
  },
  "u": {
    "total": 605,
    "weight": 0.03867050175775008
  },
  "s": {
    "total": 870,
    "weight": 0.05560882070949185
  },
  "m": {
    "total": 628,
    "weight": 0.04014062000639182
  },
  "h": {
    "total": 218,
    "weight": 0.01393416426973474
  },
  "v": {
    "total": 377,
    "weight": 0.024097155640779803
  },
  "z": {
    "total": 124,
    "weight": 0.007925854905720677
  },
  "รง": {
    "total": 63,
    "weight": 0.004026845637583893
  },
  "g": {
    "total": 321,
    "weight": 0.020517737296260788
  },
  "x": {
    "total": 61,
    "weight": 0.003899009268136785
  },
  "j": {
    "total": 105,
    "weight": 0.006711409395973154
  },
  "p": {
    "total": 440,
    "weight": 0.028124001278363696
  },
  "q": {
    "total": 29,
    "weight": 0.0018536273569830617
  },
  "y": {
    "total": 15,
    "weight": 0.0009587727708533077
  },
  "k": {
    "total": 18,
    "weight": 0.0011505273250239693
  },
  "w": {
    "total": 6,
    "weight": 0.0003835091083413231
  }
}