{
  "a": {
    "total": 2091,
    "weight": 0.15558035714285715
  },
  "b": {
    "total": 336,
    "weight": 0.025
  },
  "c": {
    "total": 496,
    "weight": 0.036904761904761905
  },
  "o": {
    "total": 1442,
    "weight": 0.10729166666666666
  },
  "d": {
    "total": 420,
    "weight": 0.03125
  },
  "e": {
    "total": 1179,
    "weight": 0.08772321428571428
  },
  "f": {
    "total": 247,
    "weight": 0.01837797619047619
  },
  "l": {
    "total": 578,
    "weight": 0.04300595238095238
  },
  "n": {
    "total": 459,
    "weight": 0.03415178571428571
  },
  "t": {
    "total": 621,
    "weight": 0.046205357142857145
  },
  "r": {
    "total": 1346,
    "weight": 0.10014880952380953
  },
  "i": {
    "total": 948,
    "weight": 0.07053571428571428
  },
  "u": {
    "total": 521,
    "weight": 0.03876488095238095
  },
  "s": {
    "total": 740,
    "weight": 0.05505952380952381
  },
  "m": {
    "total": 548,
    "weight": 0.040773809523809525
  },
  "h": {
    "total": 192,
    "weight": 0.014285714285714285
  },
  "v": {
    "total": 333,
    "weight": 0.024776785714285713
  },
  "z": {
    "total": 105,
    "weight": 0.0078125
  },
  "g": {
    "total": 275,
    "weight": 0.020461309523809524
  },
  "x": {
    "total": 55,
    "weight": 0.004092261904761905
  },
  "j": {
    "total": 81,
    "weight": 0.0060267857142857146
  },
  "p": {
    "total": 389,
    "weight": 0.028943452380952382
  },
  "q": {
    "total": 28,
    "weight": 0.0020833333333333333
  },
  "y": {
    "total": 4,
    "weight": 0.00029761904761904765
  },
  "k": {
    "total": 5,
    "weight": 0.0003720238095238095
  },
  "w": {
    "total": 1,
    "weight": 0.00007440476190476191
  }
}