{
  "б": {
    "total": 1803,
    "weight": 0.02288216257376737
  },
  "у": {
    "total": 3290,
    "weight": 0.0417539183958373
  },
  "л": {
    "total": 4525,
    "weight": 0.05742750174503458
  },
  "ь": {
    "total": 1074,
    "weight": 0.013630306491528651
  },
  "в": {
    "total": 2688,
    "weight": 0.03411383971064154
  },
  "п": {
    "total": 1992,
    "weight": 0.025280791928421854
  },
  "р": {
    "total": 4261,
    "weight": 0.05407703534488229
  },
  "о": {
    "total": 5626,
    "weight": 0.07140046957294245
  },
  "с": {
    "total": 3210,
    "weight": 0.0407386255473063
  },
  "а": {
    "total": 8632,
    "weight": 0.10955009835649471
  },
  "м": {
    "total": 3071,
    "weight": 0.03897455422298369
  },
  "и": {
    "total": 5690,
    "weight": 0.07221270385176724
  },
  "н": {
    "total": 3795,
    "weight": 0.04816295450218923
  },
  "з": {
    "total": 1355,
    "weight": 0.01719652262199378
  },
  "к": {
    "total": 3326,
    "weight": 0.04221080017767625
  },
  "е": {
    "total": 5424,
    "weight": 0.06883685513040168
  },
  "ш": {
    "total": 1197,
    "weight": 0.01519131924614506
  },
  "й": {
    "total": 1240,
    "weight": 0.015737039152230473
  },
  "т": {
    "total": 3927,
    "weight": 0.04983818770226537
  },
  "я": {
    "total": 1866,
    "weight": 0.023681705691985532
  },
  "г": {
    "total": 1601,
    "weight": 0.0203185481312266
  },
  "д": {
    "total": 2302,
    "weight": 0.029215051716479472
  },
  "ц": {
    "total": 433,
    "weight": 0.005495272542674028
  },
  "х": {
    "total": 1194,
    "weight": 0.015153245764325148
  },
  "ы": {
    "total": 1201,
    "weight": 0.01524208388857161
  },
  "ч": {
    "total": 963,
    "weight": 0.01222158766419189
  },
  "ю": {
    "total": 953,
    "weight": 0.012094676058125515
  },
  "ф": {
    "total": 614,
    "weight": 0.007792372612475411
  },
  "ж": {
    "total": 976,
    "weight": 0.012386572752078178
  },
  "э": {
    "total": 269,
    "weight": 0.0034139222031854813
  },
  "ъ": {
    "total": 33,
    "weight": 0.00041880830001903675
  },
  "щ": {
    "total": 264,
    "weight": 0.003350466400152294
  }
}