{
  "a": {
    "total": 10329,
    "weight": 0.16936951709436746
  },
  "b": {
    "total": 1445,
    "weight": 0.02369435106993523
  },
  "c": {
    "total": 2730,
    "weight": 0.04476510617364926
  },
  "o": {
    "total": 6043,
    "weight": 0.09908994014921702
  },
  "d": {
    "total": 1714,
    "weight": 0.028105271788144627
  },
  "i": {
    "total": 3763,
    "weight": 0.061703697630564894
  },
  "j": {
    "total": 866,
    "weight": 0.014200213167172255
  },
  "e": {
    "total": 6643,
    "weight": 0.10892842502254653
  },
  "n": {
    "total": 2849,
    "weight": 0.04671640567352628
  },
  "s": {
    "total": 3138,
    "weight": 0.05145527588751332
  },
  "t": {
    "total": 2424,
    "weight": 0.03974747888825121
  },
  "r": {
    "total": 4315,
    "weight": 0.07075510371402804
  },
  "f": {
    "total": 917,
    "weight": 0.015036484381405264
  },
  "g": {
    "total": 1212,
    "weight": 0.019873739444125606
  },
  "l": {
    "total": 3219,
    "weight": 0.05278347134541281
  },
  "y": {
    "total": 370,
    "weight": 0.00606706567188653
  },
  "u": {
    "total": 2495,
    "weight": 0.040911699598261866
  },
  "z": {
    "total": 684,
    "weight": 0.011215872755595638
  },
  "m": {
    "total": 1833,
    "weight": 0.030056571288021645
  },
  "p": {
    "total": 1940,
    "weight": 0.03181110109043207
  },
  "h": {
    "total": 902,
    "weight": 0.014790522259572026
  },
  "v": {
    "total": 846,
    "weight": 0.013872263671394606
  },
  "x": {
    "total": 135,
    "weight": 0.002213659096499139
  },
  "q": {
    "total": 120,
    "weight": 0.0019676969746659015
  },
  "k": {
    "total": 46,
    "weight": 0.0007542838402885956
  },
  "w": {
    "total": 7,
    "weight": 0.00011478232352217758
  }
}