{
  "a": {
    "total": 3736,
    "weight": 0.16652551816358369
  },
  "l": {
    "total": 1438,
    "weight": 0.06409627813683975
  },
  "t": {
    "total": 1484,
    "weight": 0.06614664586583463
  },
  "o": {
    "total": 1258,
    "weight": 0.05607310006685982
  },
  "b": {
    "total": 548,
    "weight": 0.024426119901938936
  },
  "s": {
    "total": 1548,
    "weight": 0.0689993314018275
  },
  "i": {
    "total": 1156,
    "weight": 0.05152663249387118
  },
  "e": {
    "total": 1348,
    "weight": 0.06008468910184979
  },
  "y": {
    "total": 341,
    "weight": 0.015199465121462
  },
  "r": {
    "total": 1646,
    "weight": 0.07336750612881658
  },
  "d": {
    "total": 812,
    "weight": 0.036193447737909515
  },
  "c": {
    "total": 224,
    "weight": 0.009984399375975039
  },
  "k": {
    "total": 1132,
    "weight": 0.05045687541787386
  },
  "j": {
    "total": 297,
    "weight": 0.013238243815466904
  },
  "u": {
    "total": 640,
    "weight": 0.028526855359928684
  },
  "p": {
    "total": 647,
    "weight": 0.0288388678404279
  },
  "g": {
    "total": 869,
    "weight": 0.038734120793403166
  },
  "f": {
    "total": 430,
    "weight": 0.019166480944952085
  },
  "n": {
    "total": 1229,
    "weight": 0.05478047693336305
  },
  "x": {
    "total": 83,
    "weight": 0.003699576554490751
  },
  "v": {
    "total": 521,
    "weight": 0.023222643191441943
  },
  "h": {
    "total": 316,
    "weight": 0.014085134833964787
  },
  "m": {
    "total": 685,
    "weight": 0.030532649877423667
  },
  "z": {
    "total": 23,
    "weight": 0.001025183864497437
  },
  "w": {
    "total": 19,
    "weight": 0.0008468910184978828
  },
  "q": {
    "total": 5,
    "weight": 0.00022286605749944285
  }
}