{
  "a": {
    "total": 3471,
    "weight": 0.17043947949914068
  },
  "b": {
    "total": 474,
    "weight": 0.02327522710532777
  },
  "s": {
    "total": 1431,
    "weight": 0.07026761600785662
  },
  "i": {
    "total": 1015,
    "weight": 0.04984041247237908
  },
  "o": {
    "total": 1126,
    "weight": 0.0552909403388166
  },
  "t": {
    "total": 1397,
    "weight": 0.06859808494966856
  },
  "r": {
    "total": 1509,
    "weight": 0.07409771667075865
  },
  "d": {
    "total": 751,
    "weight": 0.03687699484409526
  },
  "c": {
    "total": 192,
    "weight": 0.009427940093297324
  },
  "k": {
    "total": 1076,
    "weight": 0.05283574760618709
  },
  "j": {
    "total": 260,
    "weight": 0.012767002209673459
  },
  "e": {
    "total": 1122,
    "weight": 0.055094524920206236
  },
  "p": {
    "total": 607,
    "weight": 0.02980603977412227
  },
  "l": {
    "total": 1280,
    "weight": 0.0628529339553155
  },
  "g": {
    "total": 827,
    "weight": 0.04060888779769212
  },
  "f": {
    "total": 411,
    "weight": 0.020181684262214585
  },
  "n": {
    "total": 1061,
    "weight": 0.052099189786398235
  },
  "x": {
    "total": 71,
    "weight": 0.003486373680333906
  },
  "v": {
    "total": 486,
    "weight": 0.02386447336115885
  },
  "y": {
    "total": 296,
    "weight": 0.014534740977166708
  },
  "m": {
    "total": 627,
    "weight": 0.030788116867174073
  },
  "u": {
    "total": 582,
    "weight": 0.028578443407807512
  },
  "h": {
    "total": 267,
    "weight": 0.01311072919224159
  },
  "z": {
    "total": 16,
    "weight": 0.0007856616744414437
  },
  "w": {
    "total": 7,
    "weight": 0.0003437269825681316
  },
  "q": {
    "total": 3,
    "weight": 0.0001473115639577707
  }
}