{
  "a": {
    "total": 3140,
    "weight": 0.11299028427491904
  },
  "b": {
    "total": 666,
    "weight": 0.023965455199712125
  },
  "c": {
    "total": 634,
    "weight": 0.022813961856783017
  },
  "d": {
    "total": 778,
    "weight": 0.027995681899964014
  },
  "i": {
    "total": 2326,
    "weight": 0.08369917236415977
  },
  "n": {
    "total": 1390,
    "weight": 0.050017992083483266
  },
  "r": {
    "total": 1533,
    "weight": 0.055163727959697734
  },
  "t": {
    "total": 1351,
    "weight": 0.04861460957178841
  },
  "l": {
    "total": 1881,
    "weight": 0.06768621806405181
  },
  "e": {
    "total": 2788,
    "weight": 0.10032385750269882
  },
  "y": {
    "total": 685,
    "weight": 0.024649154372076286
  },
  "k": {
    "total": 1533,
    "weight": 0.055163727959697734
  },
  "o": {
    "total": 1231,
    "weight": 0.044296509535804246
  },
  "s": {
    "total": 1361,
    "weight": 0.04897445124145376
  },
  "m": {
    "total": 1261,
    "weight": 0.04537603454480029
  },
  "z": {
    "total": 743,
    "weight": 0.0267362360561353
  },
  "u": {
    "total": 2098,
    "weight": 0.07549478229578985
  },
  "f": {
    "total": 410,
    "weight": 0.014753508456279237
  },
  "g": {
    "total": 435,
    "weight": 0.015653112630442605
  },
  "h": {
    "total": 537,
    "weight": 0.019323497661029147
  },
  "p": {
    "total": 536,
    "weight": 0.019287513494062613
  },
  "v": {
    "total": 419,
    "weight": 0.01507736595897805
  },
  "j": {
    "total": 54,
    "weight": 0.0019431450161928752
  }
}